t_rel_s,item,value
0.0000,左0转速,-0.0000
0.0000,左0转速,-0.0000
0.0000,左0转速,-0.0000
0.0000,左0转速,-0.0000
0.0000,左0转速,-0.0000
0.0500,左0转速,-0.0000
0.0500,左0转速,-0.0000
0.0500,左0转速,-0.0000
0.0500,左0转速,-0.0000
0.1000,左0转速,-0.0000
0.1000,左0转速,-0.0000
0.1000,左0转速,-0.0000
0.1000,左0转速,-0.0000
0.1000,左0转速,-0.0000
0.1400,左0转速,-0.0000
0.1400,左0转速,-0.0000
0.1400,左0转速,-0.0000
0.1401,左0转速,-0.0000
0.1898,左0转速,-0.0000
0.1898,左0转速,-0.0000
0.1898,左0转速,-0.0000
0.1898,左0转速,-0.0000
0.1898,左0转速,-0.0000
0.2299,左0转速,-0.0000
0.2299,左0转速,-0.0000
0.2299,左0转速,-0.0000
0.2299,左0转速,-0.0000
0.2800,左0转速,-0.0000
0.2801,左0转速,-0.0000
0.2801,左0转速,-0.0000
0.2801,左0转速,-0.0000
0.2801,左0转速,-0.0000
0.0000,右0转速,0.0000
0.0000,右0转速,0.0000
0.0000,右0转速,0.0000
0.0000,右0转速,0.0000
0.0500,右0转速,0.0000
0.0500,右0转速,0.0000
0.0500,右0转速,0.0000
0.0500,右0转速,0.0000
0.0500,右0转速,0.0000
0.1000,右0转速,0.0000
0.1000,右0转速,0.0000
0.1000,右0转速,0.0000
0.1000,右0转速,0.0000
0.1000,右0转速,0.0000
0.1400,右0转速,0.0000
0.1400,右0转速,0.0000
0.1400,右0转速,0.0000
0.1401,右0转速,0.0000
0.1898,右0转速,0.0000
0.1898,右0转速,0.0000
0.1898,右0转速,0.0000
0.1898,右0转速,0.0000
0.1898,右0转速,0.0000
0.2299,右0转速,0.0000
0.2299,右0转速,0.0000
0.2299,右0转速,0.0000
0.2299,右0转速,0.0000
0.2801,右0转速,0.0000
0.2801,右0转速,0.0000
0.2801,右0转速,0.0000
0.2801,右0转速,0.0000
0.2801,右0转速,0.0000
0.0000,左0实际电压,-0.0120
0.0000,左0实际电压,-0.0120
0.0000,左0实际电压,-0.0060
0.0000,左0实际电压,-0.0120
0.0000,左0实际电压,-0.0180
0.0500,左0实际电压,-0.0120
0.0500,左0实际电压,-0.0060
0.0500,左0实际电压,-0.0060
0.0500,左0实际电压,-0.0120
0.1000,左0实际电压,-0.0060
0.1000,左0实际电压,-0.0060
0.1000,左0实际电压,-0.0120
0.1000,左0实际电压,-0.0060
0.1000,左0实际电压,-0.0060
0.1400,左0实际电压,-0.0120
0.1400,左0实际电压,-0.0060
0.1400,左0实际电压,-0.0060
0.1400,左0实际电压,-0.0060
0.1401,左0实际电压,-0.0120
0.1898,左0实际电压,-0.0060
0.1898,左0实际电压,-0.0060
0.1898,左0实际电压,-0.0120
0.1898,左0实际电压,-0.0060
0.2299,左0实际电压,-0.0060
0.2299,左0实际电压,-0.0180
0.2299,左0实际电压,-0.0120
0.2299,左0实际电压,-0.0060
0.2299,左0实际电压,-0.0120
0.2801,左0实际电压,-0.0060
0.2801,左0实际电压,-0.0060
0.2801,左0实际电压,-0.0120
0.2801,左0实际电压,-0.0120
0.0000,右0实际电压,0.6650
0.0000,右0实际电压,0.6650
0.0000,右0实际电压,0.6650
0.0000,右0实际电压,0.6650
0.0000,右0实际电压,0.6280
0.0500,右0实际电压,0.5730
0.0500,右0实际电压,0.5610
0.0500,右0实际电压,0.5610
0.0500,右0实际电压,0.5670
0.1000,右0实际电压,0.5540
0.1000,右0实际电压,0.5610
0.1000,右0实际电压,0.5610
0.1000,右0实际电压,0.5540
0.1000,右0实际电压,0.5610
0.1400,右0实际电压,0.5540
0.1400,右0实际电压,0.5670
0.1400,右0实际电压,0.5540
0.1400,右0实际电压,0.5610
0.1898,右0实际电压,0.5540
0.1898,右0实际电压,0.5610
0.1898,右0实际电压,0.5610
0.1898,右0实际电压,0.5610
0.1898,右0实际电压,0.5540
0.2299,右0实际电压,0.5610
0.2299,右0实际电压,0.5610
0.2299,右0实际电压,0.5540
0.2299,右0实际电压,0.5610
0.2299,右0实际电压,0.5610
0.2801,右0实际电压,0.5610
0.2801,右0实际电压,0.5540
0.2801,右0实际电压,0.5540
0.2801,右0实际电压,0.5540
0.0000,全局X,0.1849
0.0000,全局X,0.1849
0.0000,全局X,0.1849
0.0000,全局X,0.1849
0.0500,全局X,0.1849
0.0500,全局X,0.1849
0.0500,全局X,0.1849
0.0500,全局X,0.1849
0.0500,全局X,0.1849
0.1000,全局X,0.1849
0.1000,全局X,0.1849
0.1000,全局X,0.1849
0.1000,全局X,0.1849
0.1400,全局X,0.1849
0.1400,全局X,0.1849
0.1400,全局X,0.1849
0.1400,全局X,0.1849
0.1401,全局X,0.1849
0.1898,全局X,0.1849
0.1898,全局X,0.1849
0.1898,全局X,0.1849
0.1898,全局X,0.1849
0.1898,全局X,0.1849
0.2299,全局X,0.1849
0.2299,全局X,0.1849
0.2299,全局X,0.1849
0.2299,全局X,0.1849
0.2801,全局X,0.1849
0.2801,全局X,0.1849
0.2801,全局X,0.1849
0.2801,全局X,0.1849
0.2801,全局X,0.1849
0.0000,全局Y,-0.0044
0.0000,全局Y,-0.0044
0.0000,全局Y,-0.0044
0.0000,全局Y,-0.0044
0.0500,全局Y,-0.0044
0.0500,全局Y,-0.0044
0.0500,全局Y,-0.0044
0.0500,全局Y,-0.0044
0.0500,全局Y,-0.0044
0.1000,全局Y,-0.0044
0.1000,全局Y,-0.0044
0.1000,全局Y,-0.0044
0.1000,全局Y,-0.0044
0.1400,全局Y,-0.0044
0.1400,全局Y,-0.0044
0.1400,全局Y,-0.0044
0.1400,全局Y,-0.0044
0.1401,全局Y,-0.0044
0.1898,全局Y,-0.0044
0.1898,全局Y,-0.0044
0.1898,全局Y,-0.0044
0.1898,全局Y,-0.0044
0.2299,全局Y,-0.0044
0.2299,全局Y,-0.0044
0.2299,全局Y,-0.0044
0.2299,全局Y,-0.0044
0.2299,全局Y,-0.0044
0.2801,全局Y,-0.0044
0.2801,全局Y,-0.0044
0.2801,全局Y,-0.0044
0.2801,全局Y,-0.0044
0.2801,全局Y,-0.0044
0.0000,航向,-1.3168
0.0000,航向,-1.3165
0.0000,航向,-1.3160
0.0000,航向,-1.3160
0.0000,航向,-1.3168
0.0500,航向,-1.3168
0.0500,航向,-1.3168
0.0500,航向,-1.3166
0.0500,航向,-1.3158
0.0500,航向,-1.3162
0.1000,航向,-1.3161
0.1000,航向,-1.3162
0.1000,航向,-1.3160
0.1000,航向,-1.3160
0.1400,航向,-1.3158
0.1400,航向,-1.3160
0.1400,航向,-1.3168
0.1400,航向,-1.3169
0.1401,航向,-1.3169
0.1898,航向,-1.3166
0.1898,航向,-1.3164
0.1898,航向,-1.3171
0.1898,航向,-1.3165
0.2299,航向,-1.3163
0.2299,航向,-1.3165
0.2299,航向,-1.3164
0.2299,航向,-1.3166
0.2299,航向,-1.3166
0.2801,航向,-1.3166
0.2801,航向,-1.3168
0.2801,航向,-1.3167
0.2801,航向,-1.3160
