phase,step,L_mean,R_mean,L_std,R_std,note1,note2,note3,note4
open_up,0.3,0.00,0.00,0.00,0.00,不动,dx=+0.000
open_up,0.4,0.68,2.08,0.91,1.24,不动,dx=-0.000
open_up,0.5,0.50,2.17,0.64,4.14,不动,dx=+0.000
open_up,0.6,9.58,72.06,12.17,128.44,起步,dx=+0.000
open_up,0.7,0.76,0.56,1.29,0.96,不动,dx=+0.000
open_up,0.8,0.91,1.93,1.40,3.48,不动,dx=+0.000
open_up,0.9,0.72,2.22,0.92,1.87,不动,dx=+0.000
open_up,1.0,0.82,2.06,1.14,3.01,不动,dx=+0.001
open_up,1.1,0.77,0.00,1.32,0.00,不动,dx=+0.000
open_up,1.2,0.85,1.15,0.93,1.38,不动,dx=+0.001
open_up,1.3,9.99,0.00,15.34,0.00,起步,dx=+0.000
open_up,1.4,1.25,0.46,1.26,0.64,不动,dx=+0.002
open_up,1.5,1.11,1.39,1.59,1.27,不动,dx=+0.002
open_up,1.6,2.29,3.42,1.10,2.93,不动,dx=+0.009
open_down,1.6,3.59,3.68,0.52,0.62,维持
open_down,1.5,4.80,4.94,0.26,0.37,维持
open_down,1.4,3.98,4.10,0.21,0.21,维持
open_down,1.3,3.37,3.52,0.31,0.23,维持
open_down,1.2,2.05,2.51,0.71,0.44,快停
open_down,1.1,2.24,1.91,0.51,0.18,快停
open_down,1.0,1.22,0.70,1.29,0.80,快停
open_down,0.9,0.00,0.00,0.00,0.00,快停
open_down,0.8,0.00,0.00,0.00,0.00,快停
open_down,0.7,0.00,0.00,0.00,0.00,快停
open_down,0.6,0.00,0.00,0.00,0.00,快停
open_down,0.5,0.00,0.00,0.00,0.00,快停
open_down,0.4,0.00,0.00,0.00,0.00,快停
open_down,0.3,0.00,0.00,0.00,0.00,快停
open_down,0.2,0.00,0.00,0.00,0.00,快停
