motor,phase,vcmd,vact,vact_abs,pct_abs,pct_max,current,samples
L0,up,0.000,0.0025,0.0025,0.0000,0.0000,0.0000,19
L0,up,0.020,0.0012,0.0026,0.0000,0.0000,0.0000,25
L0,up,0.040,0.0000,0.0013,0.0000,0.0000,0.0000,19
L0,up,0.060,0.0000,0.0032,0.0000,0.0000,0.0000,19
L0,up,0.080,0.0013,0.0019,0.0000,0.0000,0.0000,19
L0,up,0.100,0.0007,0.0027,0.0000,0.0000,0.0000,18
L0,up,0.120,0.0000,0.0019,0.0000,0.0000,0.0000,19
L0,up,0.140,0.0129,0.0129,0.0000,0.0000,0.0000,19
L0,up,0.160,0.0133,0.0133,0.0000,0.0000,0.0000,18
L0,up,0.180,0.0126,0.0126,0.0000,0.0000,0.0000,19
L0,up,0.200,0.0123,0.0123,0.0000,0.0000,0.0000,19
L0,up,0.220,0.0144,0.0144,0.0000,0.0000,0.0000,18
L0,up,0.240,0.0129,0.0129,0.0000,0.0000,0.0000,19
L0,up,0.260,0.2283,0.2283,0.0000,0.0000,0.0000,19
L0,up,0.280,0.2290,0.2290,0.0000,0.0000,0.0000,25
L0,up,0.300,0.2286,0.2286,0.0000,0.0000,0.0000,19
L0,up,0.320,0.2297,0.2297,0.0000,0.0000,0.0000,18
L0,up,0.340,0.2283,0.2283,0.0000,0.0000,0.0000,19
L0,up,0.360,0.4250,0.4250,2.3912,2.6000,0.0000,19
L0,up,0.380,0.4248,0.4248,2.3413,2.6000,0.0000,25
L0,up,0.400,0.4253,0.4253,2.3259,2.6000,0.0000,18
L0,up,0.420,0.4267,0.4267,2.3130,2.5333,0.0000,18
L0,up,0.440,0.4253,0.4253,2.2263,2.5333,0.0000,19
L0,up,0.460,0.4244,0.4244,2.2947,2.5000,0.0000,19
L0,up,0.480,0.4220,0.4220,2.2315,2.5000,0.0000,18
L0,up,0.500,0.5442,0.5442,3.5175,3.6667,0.0000,19
L0,up,0.520,0.5448,0.5448,3.4982,3.7333,0.0000,19
L0,up,0.540,0.5442,0.5442,3.5895,3.7667,0.0000,19
L0,up,0.560,0.5449,0.5449,3.5754,3.7333,0.0000,19
L0,up,0.580,0.5452,0.5452,3.6386,3.7667,0.0000,19
L0,up,0.600,0.6555,0.6555,4.8228,4.9667,0.0000,19
L0,up,0.620,0.6577,0.6577,4.8722,4.9667,0.0000,18
L0,up,0.640,0.6554,0.6554,4.8747,5.0333,0.0000,25
L0,up,0.660,0.6558,0.6558,4.8842,5.0667,0.0000,19
L0,up,0.680,0.6558,0.6558,4.9193,5.1000,0.0000,19
L0,up,0.700,0.6563,0.6563,4.9389,5.1000,0.0000,18
L0,up,0.720,0.8079,0.8079,6.1474,6.2667,0.0000,19
L0,up,0.740,0.8064,0.8064,6.1754,6.3667,0.0000,19
L0,up,0.760,0.8083,0.8083,6.1895,6.4000,0.0000,19
L0,up,0.780,0.8067,0.8067,6.2246,6.4333,0.0000,19
L0,up,0.800,0.8073,0.8073,6.2439,6.4333,0.0000,19
L0,up,0.820,0.8043,0.8043,6.2574,6.4000,0.0000,18
L0,up,0.840,0.8067,0.8067,6.2351,6.4333,0.0000,19
L0,up,0.860,0.9133,0.9133,7.4185,7.6000,0.0000,18
L0,up,0.880,0.9140,0.9140,7.3556,7.6000,0.0000,18
L0,up,0.900,0.9127,0.9127,7.3981,7.5667,0.0000,18
L0,up,0.920,0.9146,0.9146,7.4107,7.5667,0.0000,25
L0,up,0.940,0.9140,0.9140,7.4778,7.6000,0.0000,18
L0,up,0.960,0.9120,0.9120,7.4211,7.6000,0.0000,19
L0,up,0.980,1.0288,1.0288,8.6893,8.9000,0.0000,25
L0,up,1.000,1.0287,1.0287,8.6833,8.8667,0.0000,18
L0,up,1.020,1.0290,1.0290,8.7193,8.9333,0.0000,19
L0,up,1.040,1.0309,1.0309,8.7070,8.9333,0.0000,19
L0,up,1.060,1.0290,1.0290,8.6907,8.8667,0.0000,18
L0,up,1.080,1.1678,1.1678,9.8947,10.1000,0.0000,19
L0,up,1.100,1.1682,1.1682,9.9088,10.1667,0.0000,19
L0,up,1.120,1.1673,1.1673,9.8596,10.2000,0.0000,19
L0,up,1.140,1.1690,1.1690,9.9360,10.1333,0.0000,25
L0,up,1.160,1.1692,1.1692,9.8842,10.0667,0.0000,19
L0,up,1.180,1.1685,1.1685,9.9281,10.2000,0.0000,19
L0,up,1.200,1.2841,1.2841,11.1870,11.4667,0.0000,18
L0,down,1.200,1.2839,1.2839,11.0351,11.3667,0.0000,19
L0,down,1.180,1.1682,1.1682,9.7526,10.0333,0.0000,19
L0,down,1.160,1.1685,1.1685,9.8000,10.0000,0.0000,19
L0,down,1.140,1.1696,1.1696,9.7944,10.0000,0.0000,18
L0,down,1.120,1.1692,1.1692,9.8368,9.9667,0.0000,19
L0,down,1.100,1.1689,1.1689,9.8000,10.1000,0.0000,18
L0,down,1.080,1.1677,1.1677,9.8204,10.0333,0.0000,18
L0,down,1.060,1.0287,1.0287,8.6912,8.9000,0.0000,19
L0,down,1.040,1.0296,1.0296,8.7298,8.8667,0.0000,19
L0,down,1.020,1.0313,1.0313,8.7407,9.0667,0.0000,18
L0,down,1.000,1.0307,1.0307,8.7613,8.9667,0.0000,25
L0,down,0.980,1.0312,1.0312,8.7526,8.9333,0.0000,19
L0,down,0.960,0.9164,0.9164,7.5456,7.7000,0.0000,19
L0,down,0.940,0.9145,0.9145,7.5088,7.7000,0.0000,19
L0,down,0.920,0.9136,0.9136,7.5228,7.6667,0.0000,19
L0,down,0.900,0.9136,0.9136,7.5035,7.6667,0.0000,19
L0,down,0.880,0.9167,0.9167,7.5737,7.7667,0.0000,19
L0,down,0.860,0.9142,0.9142,7.5807,7.7333,0.0000,19
L0,down,0.840,0.8080,0.8080,6.4500,6.5667,0.0000,18
L0,down,0.820,0.8080,0.8080,6.4130,6.6333,0.0000,18
L0,down,0.800,0.8070,0.8070,6.4316,6.6000,0.0000,19
L0,down,0.780,0.8077,0.8077,6.4187,6.5667,0.0000,25
L0,down,0.760,0.8086,0.8086,6.3754,6.6000,0.0000,19
L0,down,0.740,0.8079,0.8079,6.4596,6.6000,0.0000,19
L0,down,0.720,0.8073,0.8073,6.3860,6.6000,0.0000,19
L0,down,0.700,0.6571,0.6571,5.1772,5.3333,0.0000,19
L0,down,0.680,0.6599,0.6599,5.1719,5.3000,0.0000,19
L0,down,0.660,0.6587,0.6587,5.0352,5.1667,0.0000,18
L0,down,0.640,0.6584,0.6584,5.0632,5.2333,0.0000,19
L0,down,0.620,0.6568,0.6568,5.0493,5.2000,0.0000,25
L0,down,0.600,0.6562,0.6562,5.1193,5.2667,0.0000,19
L0,down,0.580,0.5468,0.5468,3.9421,4.1667,0.0000,19
L0,down,0.560,0.5463,0.5463,3.9111,4.1000,0.0000,18
L0,down,0.540,0.5461,0.5461,3.8895,4.0000,0.0000,19
L0,down,0.520,0.5467,0.5467,3.8778,4.0000,0.0000,18
L0,down,0.500,0.5493,0.5493,3.9500,4.0667,0.0000,18
L0,down,0.480,0.4263,0.4263,2.6123,2.7667,0.0000,19
L0,down,0.460,0.4243,0.4243,2.5080,2.7333,0.0000,25
L0,down,0.440,0.4267,0.4267,2.5352,2.6667,0.0000,18
L0,down,0.420,0.4247,0.4247,2.4526,2.6000,0.0000,19
L0,down,0.400,0.4241,0.4241,2.4579,2.7333,0.0000,19
L0,down,0.380,0.4274,0.4274,2.5093,2.7333,0.0000,18
L0,down,0.360,0.4254,0.4254,2.5074,2.7000,0.0000,18
L0,down,0.340,0.2378,0.2378,1.2930,5.0667,0.0000,19
L0,down,0.320,0.2368,0.2368,0.0000,0.0000,0.0000,19
L0,down,0.300,0.2369,0.2369,0.0000,0.0000,0.0000,25
L0,down,0.280,0.2391,0.2391,0.0000,0.0000,0.0000,19
L0,down,0.260,0.2381,0.2381,0.0000,0.0000,0.0000,19
L0,down,0.240,0.0139,0.0139,0.0000,0.0000,0.0000,19
L0,down,0.220,0.0126,0.0126,0.0000,0.0000,0.0000,19
L0,down,0.200,0.0123,0.0123,0.0000,0.0000,0.0000,19
L0,down,0.180,0.0123,0.0123,0.0000,0.0000,0.0000,19
L0,down,0.160,0.0126,0.0126,0.0000,0.0000,0.0000,19
L0,down,0.140,0.0134,0.0134,0.0000,0.0000,0.0000,25
L0,down,0.120,0.0000,0.0027,0.0000,0.0000,0.0000,18
L0,down,0.100,-0.0009,0.0041,0.0000,0.0000,0.0000,19
L0,down,0.080,0.0000,0.0032,0.0000,0.0000,0.0000,19
L0,down,0.060,-0.0006,0.0025,0.0000,0.0000,0.0000,19
L0,down,0.040,0.0003,0.0009,0.0000,0.0000,0.0000,19
L0,down,0.020,0.0006,0.0032,0.0000,0.0000,0.0000,19
L0,down,0.000,-0.0003,0.0022,0.0000,0.0000,0.0000,19
L0,high,2.000,1.8797,1.8797,16.4630,16.8667,0.0765,18
L0,high,4.000,3.9946,3.9946,37.8574,39.2000,0.1234,18
L0,high,6.000,5.9636,5.9636,57.4579,59.6000,0.1261,19
L0,high,8.000,7.9423,7.9423,76.1246,78.4667,0.1384,19
L0,high,10.000,10.0093,10.0093,97.5815,99.5000,0.1509,18
L0,high,12.000,12.1344,12.1344,119.9123,124.7333,0.1840,19
L1,up,0.000,-0.0027,0.0040,0.0000,0.0000,0.0310,18
L1,up,0.020,0.0000,0.0032,0.0000,0.0000,0.0310,19
L1,up,0.040,0.0003,0.0028,0.0000,0.0000,0.0310,19
L1,up,0.060,0.0000,0.0027,0.0000,0.0000,0.0310,18
L1,up,0.080,-0.0010,0.0043,0.0000,0.0000,0.0310,25
L1,up,0.100,0.0009,0.0035,0.0000,0.0000,0.0310,19
L1,up,0.120,0.0003,0.0028,0.0000,0.0000,0.0310,19
L1,up,0.140,0.1091,0.1091,0.0000,0.0000,1.3773,19
L1,up,0.160,0.1083,0.1083,0.0000,0.0000,1.3816,18
L1,up,0.180,0.1076,0.1076,0.0000,0.0000,1.3818,25
L1,up,0.200,0.1093,0.1093,0.0000,0.0000,1.3810,18
L1,up,0.220,0.1088,0.1088,0.0000,0.0000,1.3799,19
L1,up,0.240,0.1094,0.1094,0.0000,0.0000,1.3827,19
L1,up,0.260,0.2564,0.2564,0.0000,0.0000,1.0134,19
L1,up,0.280,0.2561,0.2561,0.0000,0.0000,1.0127,19
L1,up,0.300,0.2566,0.2566,0.0000,0.0000,1.0106,18
L1,up,0.320,0.2555,0.2555,0.0000,0.0000,1.0117,19
L1,up,0.340,0.2556,0.2556,0.0000,0.0000,1.0134,25
L1,up,0.360,0.4142,0.4142,1.1722,2.5333,0.8073,18
L1,up,0.380,0.4159,0.4159,3.0035,3.9667,0.7925,19
L1,up,0.400,0.4147,0.4147,2.6193,5.3667,0.7921,19
L1,up,0.420,0.4063,0.4063,1.9228,3.4333,0.8097,19
L1,up,0.440,0.4176,0.4176,2.9860,7.1333,0.7903,19
L1,up,0.460,0.4209,0.4209,1.8491,2.7667,0.7846,19
L1,up,0.480,0.4181,0.4181,2.2246,2.6667,0.7885,19
L1,up,0.500,0.5352,0.5352,2.7333,3.1333,0.6435,24
L1,up,0.520,0.5379,0.5379,2.8298,3.1667,0.6405,19
L1,up,0.540,0.5382,0.5382,2.8860,3.0667,0.6383,19
L1,up,0.560,0.5347,0.5347,2.5544,2.8333,0.6473,19
L1,up,0.580,0.5387,0.5387,2.9000,3.1333,0.6374,18
L1,up,0.600,0.6451,0.6451,3.9421,4.2667,0.5507,19
L1,up,0.620,0.6409,0.6409,3.6404,4.1000,0.5593,19
L1,up,0.640,0.6429,0.6429,3.7316,4.1667,0.5542,19
L1,up,0.660,0.6469,0.6469,3.9982,4.2000,0.5511,19
L1,up,0.680,0.6495,0.6495,3.8807,4.0667,0.5507,19
L1,up,0.700,0.6464,0.6464,3.9579,4.1667,0.5507,19
L1,up,0.720,0.7948,0.7948,4.9807,5.3333,0.4874,19
L1,up,0.740,0.7947,0.7947,5.0074,5.2667,0.4825,18
L1,up,0.760,0.7949,0.7949,4.9800,5.3000,0.4831,25
L1,up,0.780,0.7961,0.7961,5.0947,5.2667,0.4811,19
L1,up,0.800,0.7969,0.7969,5.1556,5.3333,0.4801,18
L1,up,0.820,0.7958,0.7958,5.0889,5.2333,0.4812,18
L1,up,0.840,0.7970,0.7970,5.1000,5.2333,0.4791,19
L1,up,0.860,0.8992,0.8992,6.0298,6.3667,0.4390,19
L1,up,0.880,0.9024,0.9024,6.2509,6.4667,0.4375,19
L1,up,0.900,0.9042,0.9042,6.3193,6.4667,0.4354,19
L1,up,0.920,0.9023,0.9023,6.2737,6.5000,0.4357,19
L1,up,0.940,0.8993,0.8993,6.1965,6.5667,0.4362,19
L1,up,0.960,0.9021,0.9021,6.2213,6.4000,0.4364,25
L1,up,0.980,1.0162,1.0162,7.3930,7.6333,0.3965,19
L1,up,1.000,1.0173,1.0173,7.5035,7.7333,0.3966,19
L1,up,1.020,1.0183,1.0183,7.5421,7.8000,0.3968,19
L1,up,1.040,1.0192,1.0192,7.6632,7.9000,0.3955,19
L1,up,1.060,1.0175,1.0175,7.6526,7.8333,0.3936,19
L1,up,1.080,1.1571,1.1571,8.8368,9.1333,0.3686,19
L1,up,1.100,1.1580,1.1580,9.1130,9.3000,0.3674,18
L1,up,1.120,1.1597,1.1597,9.1574,9.4000,0.3653,18
L1,up,1.140,1.1577,1.1577,9.0719,9.3333,0.3679,19
L1,up,1.160,1.1577,1.1577,9.2259,9.4667,0.3661,18
L1,up,1.180,1.1603,1.1603,9.2722,9.4333,0.3652,18
L1,up,1.200,1.2750,1.2750,10.6281,10.9667,0.3415,19
L1,down,1.200,1.2760,1.2760,10.7747,11.0667,0.3398,25
L1,down,1.180,1.1596,1.1596,9.5439,9.8000,0.3646,19
L1,down,1.160,1.1602,1.1602,9.5649,9.8333,0.3646,19
L1,down,1.140,1.1599,1.1599,9.5526,9.7667,0.3654,19
L1,down,1.120,1.1608,1.1608,9.6772,10.0000,0.3631,19
L1,down,1.100,1.1618,1.1618,9.6789,9.9000,0.3642,19
L1,down,1.080,1.1627,1.1627,9.7509,10.1000,0.3649,19
L1,down,1.060,1.0218,1.0218,8.5947,8.8000,0.3896,19
L1,down,1.040,1.0207,1.0207,8.5960,8.8333,0.3897,25
L1,down,1.020,1.0210,1.0210,8.6333,8.8333,0.3920,19
L1,down,1.000,1.0199,1.0199,8.5852,9.0000,0.3929,18
L1,down,0.980,1.0222,1.0222,8.6351,8.7667,0.3924,19
L1,down,0.960,0.9041,0.9041,7.2456,7.4667,0.4326,19
L1,down,0.940,0.9058,0.9058,7.2981,7.4667,0.4311,18
L1,down,0.920,0.9055,0.9055,7.3965,7.5667,0.4303,19
L1,down,0.900,0.9047,0.9047,7.1667,7.4000,0.4332,19
L1,down,0.880,0.9053,0.9053,7.0560,7.3000,0.4349,25
L1,down,0.860,0.9068,0.9068,7.2093,7.4333,0.4315,18
L1,down,0.840,0.7964,0.7964,6.0211,6.2000,0.4783,19
L1,down,0.820,0.7971,0.7971,5.9351,6.2333,0.4783,19
L1,down,0.800,0.7967,0.7967,5.9719,6.2000,0.4776,19
L1,down,0.780,0.7987,0.7987,6.0037,6.1667,0.4763,18
L1,down,0.760,0.7962,0.7962,5.8444,6.0333,0.4785,18
L1,down,0.740,0.7968,0.7968,5.8070,5.9667,0.4796,19
L1,down,0.720,0.7964,0.7964,5.7860,6.0667,0.4797,19
L1,down,0.700,0.6479,0.6479,4.5241,4.7333,0.5484,18
L1,down,0.680,0.6489,0.6489,4.5754,4.7667,0.5476,19
L1,down,0.660,0.6479,0.6479,4.4298,4.7000,0.5495,19
L1,down,0.640,0.6486,0.6486,4.4185,4.7333,0.5486,18
L1,down,0.620,0.6494,0.6494,4.5147,4.7000,0.5487,25
L1,down,0.600,0.6479,0.6479,4.4281,4.7000,0.5488,19
L1,down,0.580,0.5383,0.5383,3.1852,3.4333,0.6381,18
L1,down,0.560,0.5414,0.5414,3.3158,3.5000,0.6346,19
L1,down,0.540,0.5411,0.5411,3.2035,3.4333,0.6365,19
L1,down,0.520,0.5411,0.5411,3.1211,3.4333,0.6387,19
L1,down,0.500,0.5392,0.5392,3.2825,3.4667,0.6335,19
L1,down,0.480,0.4212,0.4212,1.9930,2.8667,0.7873,19
L1,down,0.460,0.4231,0.4231,2.0000,2.2667,0.7761,25
L1,down,0.440,0.4207,0.4207,2.0741,3.1000,0.7867,18
L1,down,0.420,0.4215,0.4215,1.9386,2.1333,0.7807,19
L1,down,0.400,0.4237,0.4237,2.3667,3.0667,0.7783,19
L1,down,0.380,0.4192,0.4192,1.9481,5.2000,0.7903,18
L1,down,0.360,0.4209,0.4209,2.1987,2.8667,0.7798,25
L1,down,0.340,0.2631,0.2631,0.5965,2.6000,1.0021,19
L1,down,0.320,0.2633,0.2633,0.0000,0.0000,1.0002,18
L1,down,0.300,0.2627,0.2627,0.0000,0.0000,1.0030,18
L1,down,0.280,0.2618,0.2618,0.0000,0.0000,1.0009,19
L1,down,0.260,0.2628,0.2628,0.0000,0.0000,1.0006,19
L1,down,0.240,0.1087,0.1087,0.0000,0.0000,1.3844,18
L1,down,0.220,0.1091,0.1091,0.0000,0.0000,1.3822,19
L1,down,0.200,0.1088,0.1088,0.0000,0.0000,1.3833,19
L1,down,0.180,0.1094,0.1094,0.0000,0.0000,1.3833,19
L1,down,0.160,0.1097,0.1097,0.0000,0.0000,1.3863,18
L1,down,0.140,0.1088,0.1088,0.0000,0.0000,1.3854,25
L1,down,0.120,0.0003,0.0035,0.0000,0.0000,0.0307,19
L1,down,0.100,-0.0013,0.0027,0.0000,0.0000,0.0310,18
L1,down,0.080,-0.0013,0.0032,0.0000,0.0000,0.0309,19
L1,down,0.060,-0.0003,0.0028,0.0000,0.0000,0.0308,19
L1,down,0.040,-0.0003,0.0028,0.0000,0.0000,0.0310,19
L1,down,0.020,0.0013,0.0040,0.0000,0.0000,0.0307,18
L1,down,0.000,0.0006,0.0025,0.0000,0.0000,0.0308,19
L1,high,2.000,1.8703,1.8703,16.2241,16.6667,0.2716,18
L1,high,4.000,3.9796,3.9796,38.1053,39.4667,0.1903,19
L1,high,6.000,5.9424,5.9424,58.2281,59.4333,0.1804,19
L1,high,8.000,7.9167,7.9167,77.2537,79.1667,0.1679,18
L1,high,10.000,9.9883,9.9883,98.5491,101.3333,0.1643,19
L1,high,12.000,11.9802,11.9802,118.4684,121.4000,0.2024,19
L2,up,0.000,0.0013,0.0027,0.0000,0.0000,0.0000,18
L2,up,0.020,-0.0003,0.0037,0.0000,0.0000,0.0000,18
L2,up,0.040,-0.0003,0.0035,0.0000,0.0000,0.0000,19
L2,up,0.060,-0.0003,0.0023,0.0000,0.0000,0.0000,18
L2,up,0.080,0.0003,0.0016,0.0000,0.0000,0.0000,19
L2,up,0.100,-0.0003,0.0028,0.0000,0.0000,0.0000,19
L2,up,0.120,-0.0002,0.0031,0.0000,0.0000,0.0000,25
L2,up,0.140,0.1129,0.1129,0.0000,0.0000,0.0000,19
L2,up,0.160,0.1126,0.1126,0.0000,0.0000,0.0000,19
L2,up,0.180,0.1113,0.1113,0.0000,0.0000,0.0000,18
L2,up,0.200,0.1126,0.1126,0.0000,0.0000,0.0000,19
L2,up,0.220,0.1127,0.1127,0.0000,0.0000,0.0000,18
L2,up,0.240,0.1110,0.1110,0.0000,0.0000,0.0000,19
L2,up,0.260,0.2729,0.2729,0.0000,0.0000,0.0000,19
L2,up,0.280,0.2693,0.2693,0.0000,0.0000,0.0000,18
L2,up,0.300,0.2701,0.2701,0.0000,0.0000,0.0000,19
L2,up,0.320,0.2688,0.2688,0.0000,0.0000,0.0000,19
L2,up,0.340,0.2690,0.2690,0.0000,0.0000,0.0000,18
L2,up,0.360,0.4075,0.4075,0.0000,0.0000,0.0000,19
L2,up,0.380,0.4064,0.4064,0.0000,0.0000,0.0000,18
L2,up,0.400,0.4079,0.4079,0.0000,0.0000,0.0000,19
L2,up,0.420,0.4052,0.4052,0.0000,0.0000,0.0000,19
L2,up,0.440,0.4042,0.4042,0.0000,0.0000,0.0000,18
L2,up,0.460,0.4033,0.4033,0.0000,0.0000,0.0000,19
L2,up,0.480,0.4017,0.4017,0.0000,0.0000,0.0000,25
L2,up,0.500,0.5150,0.5150,0.0000,0.0000,0.0164,18
L2,up,0.520,0.5154,0.5154,0.0000,0.0000,0.4178,19
L2,up,0.540,0.5148,0.5148,1.4035,5.3333,0.4212,19
L2,up,0.560,0.5147,0.5147,0.0000,0.0000,0.4218,18
L2,up,0.580,0.5152,0.5152,0.0000,0.0000,0.4227,19
L2,up,0.600,0.6075,0.6075,0.0000,0.0000,0.3804,19
L2,up,0.620,0.6049,0.6049,0.0000,0.0000,0.3795,19
L2,up,0.640,0.6064,0.6064,0.0000,0.0000,0.3680,25
L2,up,0.660,0.6239,0.6239,1.3579,4.1333,0.2517,19
L2,up,0.680,0.6527,0.6527,4.2596,4.4333,0.0037,19
L2,up,0.700,0.6565,0.6565,4.3175,4.4000,0.0034,19
L2,up,0.720,0.8064,0.8064,5.4263,5.6000,0.0185,19
L2,up,0.740,0.8050,0.8050,5.3067,5.5000,0.0418,25
L2,up,0.760,0.8037,0.8037,5.1982,5.3667,0.0461,19
L2,up,0.780,0.8070,0.8070,5.3053,5.4000,0.0297,19
L2,up,0.800,0.8051,0.8051,5.2000,5.3333,0.0361,19
L2,up,0.820,0.8043,0.8043,5.2593,5.4000,0.0331,18
L2,up,0.840,0.8047,0.8047,5.2351,5.3000,0.0402,19
L2,up,0.860,0.9133,0.9133,6.1000,6.2333,0.0667,18
L2,up,0.880,0.9147,0.9147,6.2463,6.4000,0.0551,18
L2,up,0.900,0.9136,0.9136,6.2509,6.3667,0.0744,19
L2,up,0.920,0.9126,0.9126,6.3351,6.5000,0.0663,19
L2,up,0.940,0.9146,0.9146,6.4373,6.5667,0.0561,25
L2,up,0.960,0.9129,0.9129,6.4070,6.4667,0.0636,19
L2,up,0.980,1.0283,1.0283,7.3368,7.6000,0.1111,19
L2,up,1.000,1.0313,1.0313,7.4500,7.5667,0.1050,18
L2,up,1.020,1.0303,1.0303,7.5123,7.6333,0.1021,19
L2,up,1.040,1.0299,1.0299,7.5368,7.7000,0.1029,19
L2,up,1.060,1.0300,1.0300,7.5407,7.6000,0.1096,18
L2,up,1.080,1.1691,1.1691,8.6228,8.9333,0.1308,19
L2,up,1.100,1.1712,1.1712,8.3613,8.6000,0.1354,25
L2,up,1.120,1.1688,1.1688,8.3611,8.5000,0.1416,18
L2,up,1.140,1.1702,1.1702,8.4737,8.6000,0.1295,19
L2,up,1.160,1.1712,1.1712,8.4509,8.6000,0.1146,19
L2,up,1.180,1.1710,1.1710,8.4807,8.6000,0.1323,19
L2,up,1.200,1.2848,1.2848,9.7000,9.8667,0.1393,19
L2,down,1.200,1.2877,1.2877,9.8526,10.0333,0.1521,19
L2,down,1.180,1.1714,1.1714,8.8148,8.9333,0.1247,18
L2,down,1.160,1.1710,1.1710,8.7649,8.9000,0.1238,19
L2,down,1.140,1.1682,1.1682,8.7556,8.9667,0.1318,18
L2,down,1.120,1.1711,1.1711,8.8561,8.9667,0.1336,19
L2,down,1.100,1.1712,1.1712,8.7719,8.9667,0.1268,19
L2,down,1.080,1.1707,1.1707,8.8574,8.9667,0.1172,18
L2,down,1.060,1.0299,1.0299,7.7140,7.9333,0.1027,19
L2,down,1.040,1.0331,1.0331,7.7895,7.9333,0.0859,19
L2,down,1.020,1.0292,1.0292,7.7741,7.9000,0.0999,18
L2,down,1.000,1.0289,1.0289,7.6807,7.8333,0.1113,19
L2,down,0.980,1.0296,1.0296,7.7351,7.8000,0.1120,19
L2,down,0.960,0.9123,0.9123,6.4281,6.5667,0.0635,19
L2,down,0.940,0.9148,0.9148,6.5719,6.7000,0.0458,19
L2,down,0.920,0.9145,0.9145,6.5877,6.6667,0.0539,19
L2,down,0.900,0.9145,0.9145,6.5877,6.7333,0.0515,19
L2,down,0.880,0.9142,0.9142,6.5930,6.7667,0.0465,19
L2,down,0.860,0.9150,0.9150,6.5944,6.6667,0.0436,18
L2,down,0.840,0.8051,0.8051,5.3561,5.5667,0.0208,19
L2,down,0.820,0.8073,0.8073,5.4702,5.5667,0.0209,19
L2,down,0.800,0.8070,0.8070,5.4167,5.5667,0.0156,18
L2,down,0.780,0.8064,0.8064,5.4351,5.5333,0.0209,19
L2,down,0.760,0.8070,0.8070,5.4632,5.5667,0.0097,19
L2,down,0.740,0.8073,0.8073,5.4000,5.5333,0.0139,19
L2,down,0.720,0.8070,0.8070,5.4737,5.6000,0.0180,19
L2,down,0.700,0.6555,0.6555,4.2316,4.4000,0.0024,19
L2,down,0.680,0.6555,0.6555,4.2526,4.3667,0.0029,19
L2,down,0.660,0.6536,0.6536,4.1579,4.2333,0.0015,19
L2,down,0.640,0.6565,0.6565,4.2316,4.3667,0.0030,19
L2,down,0.620,0.6546,0.6546,4.2509,4.3333,0.0021,19
L2,down,0.600,0.6558,0.6558,4.1544,4.2333,0.0024,19
L2,down,0.580,0.5477,0.5477,3.1389,3.2667,0.0000,18
L2,down,0.560,0.5446,0.5446,3.0316,3.1667,0.0000,19
L2,down,0.540,0.5461,0.5461,3.0807,3.2000,0.0000,19
L2,down,0.520,0.5465,0.5465,3.1088,3.2333,0.0000,19
L2,down,0.500,0.5481,0.5481,3.0389,3.1667,0.0000,18
L2,down,0.480,0.4154,0.4154,2.5474,3.5333,0.0000,19
L2,down,0.460,0.4026,0.4026,0.0000,0.0000,0.0000,19
L2,down,0.440,0.4012,0.4012,0.0000,0.0000,0.0000,25
L2,down,0.420,0.4016,0.4016,0.0000,0.0000,0.0000,18
L2,down,0.400,0.3997,0.3997,0.0000,0.0000,0.0000,19
L2,down,0.380,0.4001,0.4001,0.0000,0.0000,0.0000,19
L2,down,0.360,0.4002,0.4002,0.0000,0.0000,0.0000,19
L2,down,0.340,0.2738,0.2738,0.0000,0.0000,0.0000,19
L2,down,0.320,0.2732,0.2732,0.0000,0.0000,0.0000,19
L2,down,0.300,0.2710,0.2710,0.0000,0.0000,0.0000,18
L2,down,0.280,0.2742,0.2742,0.0000,0.0000,0.0000,19
L2,down,0.260,0.2723,0.2723,0.0000,0.0000,0.0000,19
L2,down,0.240,0.1130,0.1130,0.0000,0.0000,0.0000,18
L2,down,0.220,0.1146,0.1146,0.0000,0.0000,0.0000,25
L2,down,0.200,0.1147,0.1147,0.0000,0.0000,0.0000,18
L2,down,0.180,0.1143,0.1143,0.0000,0.0000,0.0000,18
L2,down,0.160,0.1151,0.1151,0.0000,0.0000,0.0000,19
L2,down,0.140,0.1133,0.1133,0.0000,0.0000,0.0000,18
L2,down,0.120,-0.0010,0.0037,0.0000,0.0000,0.0000,18
L2,down,0.100,-0.0022,0.0035,0.0000,0.0000,0.0000,19
L2,down,0.080,0.0003,0.0017,0.0000,0.0000,0.0000,18
L2,down,0.060,-0.0002,0.0026,0.0000,0.0000,0.0000,25
L2,down,0.040,0.0003,0.0022,0.0000,0.0000,0.0000,19
L2,down,0.020,0.0003,0.0022,0.0000,0.0000,0.0000,19
L2,down,0.000,-0.0003,0.0035,0.0000,0.0000,0.0000,19
L2,high,2.000,1.8863,1.8863,15.2614,15.5333,0.1639,19
L2,high,4.000,4.0200,4.0200,36.0053,36.8333,0.1327,25
L2,high,6.000,6.0067,6.0067,55.4944,56.6333,0.1224,18
L2,high,8.000,7.9026,7.9026,73.7281,75.5000,0.1206,19
L2,high,10.000,9.9855,9.9855,92.4544,94.9000,0.1317,19
L2,high,12.000,11.9940,11.9940,109.5833,112.3000,0.1492,18
L3,up,0.000,0.0003,0.0025,0.0000,0.0000,0.0000,22
L3,up,0.020,-0.0013,0.0027,0.0000,0.0000,0.0000,18
L3,up,0.040,0.0000,0.0038,0.0000,0.0000,0.0000,19
L3,up,0.060,-0.0006,0.0025,0.0000,0.0000,0.0000,19
L3,up,0.080,0.0007,0.0033,0.0000,0.0000,0.0000,18
L3,up,0.100,0.0009,0.0016,0.0000,0.0000,0.0000,19
L3,up,0.120,0.0000,0.0019,0.0000,0.0000,0.0000,19
L3,up,0.140,0.1213,0.1213,0.0000,0.0000,0.0000,18
L3,up,0.160,0.1220,0.1220,0.0000,0.0000,0.0000,18
L3,up,0.180,0.1200,0.1200,0.0000,0.0000,0.0000,18
L3,up,0.200,0.1192,0.1192,0.0000,0.0000,0.0000,19
L3,up,0.220,0.1213,0.1213,0.0000,0.0000,0.0000,24
L3,up,0.240,0.1195,0.1195,0.0000,0.0000,0.0000,19
L3,up,0.260,0.2613,0.2613,0.0000,0.0000,0.0000,18
L3,up,0.280,0.2618,0.2618,0.0000,0.0000,0.0000,19
L3,up,0.300,0.2627,0.2627,0.0000,0.0000,0.0000,18
L3,up,0.320,0.2615,0.2615,0.0000,0.0000,0.0000,19
L3,up,0.340,0.2615,0.2615,0.0000,0.0000,0.0000,19
L3,up,0.360,0.3930,0.3930,0.0000,0.0000,0.0000,18
L3,up,0.380,0.3923,0.3923,0.0000,0.0000,0.0000,18
L3,up,0.400,0.3931,0.3931,0.0000,0.0000,0.0000,19
L3,up,0.420,0.3962,0.3962,0.0000,0.0000,0.0000,19
L3,up,0.440,0.3959,0.3959,0.0000,0.0000,0.0000,26
L3,up,0.460,0.3978,0.3978,0.0000,0.0000,0.0000,19
L3,up,0.480,0.3966,0.3966,0.0000,0.0000,0.0000,19
L3,up,0.500,0.5393,0.5393,2.3148,2.5000,0.0000,18
L3,up,0.520,0.5411,0.5411,2.6965,3.0333,0.0000,19
L3,up,0.540,0.5411,0.5411,2.7018,3.0000,0.0000,19
L3,up,0.560,0.5407,0.5407,2.7491,3.0667,0.0000,19
L3,up,0.580,0.5420,0.5420,2.5759,2.8667,0.0000,18
L3,up,0.600,0.6489,0.6489,3.7596,3.9667,0.0000,19
L3,up,0.620,0.6467,0.6467,3.7737,3.9667,0.0000,19
L3,up,0.640,0.6483,0.6483,3.7965,4.1000,0.0000,19
L3,up,0.660,0.6508,0.6508,3.8965,4.1333,0.0000,19
L3,up,0.680,0.6492,0.6492,3.9333,4.1667,0.0000,19
L3,up,0.700,0.6490,0.6490,3.9667,4.3333,0.0000,18
L3,up,0.720,0.7987,0.7987,5.1754,5.4333,0.0000,19
L3,up,0.740,0.7974,0.7974,5.1877,5.4667,0.0000,19
L3,up,0.760,0.7983,0.7983,5.1800,5.4333,0.0000,25
L3,up,0.780,0.7983,0.7983,5.2352,5.4667,0.0000,18
L3,up,0.800,0.7997,0.7997,5.2719,5.5667,0.0000,19
L3,up,0.820,0.8003,0.8003,5.2947,5.5333,0.0000,19
L3,up,0.840,0.7994,0.7994,5.1070,5.3333,0.0000,19
L3,up,0.860,0.9056,0.9056,6.2600,6.5333,0.0000,25
L3,up,0.880,0.9047,0.9047,6.2870,6.5667,0.0000,18
L3,up,0.900,0.9050,0.9050,6.1877,6.4333,0.0000,19
L3,up,0.920,0.9047,0.9047,6.3035,6.5000,0.0000,19
L3,up,0.940,0.9065,0.9065,6.4259,6.6333,0.0000,18
L3,up,0.960,0.9050,0.9050,6.4667,6.7667,0.0000,19
L3,up,0.980,1.0209,1.0209,7.9056,8.1667,0.0000,18
L3,up,1.000,1.0217,1.0217,7.8789,8.1333,0.0000,19
L3,up,1.020,1.0190,1.0190,7.8649,8.1333,0.0000,19
L3,up,1.040,1.0206,1.0206,7.8074,8.0333,0.0000,18
L3,up,1.060,1.0189,1.0189,7.7246,7.9667,0.0000,19
L3,up,1.080,1.1602,1.1602,8.9088,9.3000,0.0000,19
L3,up,1.100,1.1612,1.1612,8.9316,9.3000,0.0000,19
L3,up,1.120,1.1596,1.1596,8.9912,9.2333,0.0000,19
L3,up,1.140,1.1597,1.1597,9.0093,9.3000,0.0000,18
L3,up,1.160,1.1608,1.1608,9.0614,9.3333,0.0000,19
L3,up,1.180,1.1602,1.1602,9.0632,9.3667,0.0000,19
L3,up,1.200,1.2753,1.2753,10.1704,10.4333,0.0000,18
L3,down,1.200,1.2734,1.2734,10.1070,10.5000,0.0000,19
L3,down,1.180,1.1587,1.1587,8.8319,9.1000,0.0000,24
L3,down,1.160,1.1608,1.1608,8.8368,9.0333,0.0000,19
L3,down,1.140,1.1602,1.1602,8.8351,9.1333,0.0000,19
L3,down,1.120,1.1602,1.1602,8.9421,9.2000,0.0000,19
L3,down,1.100,1.1599,1.1599,8.9053,9.2000,0.0000,19
L3,down,1.080,1.1594,1.1594,9.0960,9.3000,0.0000,25
L3,down,1.060,1.0213,1.0213,8.0211,8.1667,0.0000,19
L3,down,1.040,1.0179,1.0179,7.9982,8.3333,0.0000,19
L3,down,1.020,1.0192,1.0192,8.1037,8.4333,0.0000,18
L3,down,1.000,1.0184,1.0184,8.2074,8.4333,0.0000,18
L3,down,0.980,1.0211,1.0211,8.1860,8.4667,0.0000,19
L3,down,0.960,0.9047,0.9047,7.0035,7.3000,0.0000,19
L3,down,0.940,0.9067,0.9067,7.0281,7.2000,0.0000,19
L3,down,0.920,0.9062,0.9062,7.0200,7.2667,0.0000,25
L3,down,0.900,0.9054,0.9054,7.1074,7.3000,0.0000,18
L3,down,0.880,0.9068,0.9068,7.0930,7.2333,0.0000,19
L3,down,0.860,0.9048,0.9048,7.0281,7.2000,0.0000,19
L3,down,0.840,0.7989,0.7989,5.8463,6.0000,0.0000,18
L3,down,0.820,0.7987,0.7987,5.8211,6.0333,0.0000,19
L3,down,0.800,0.7978,0.7978,5.7175,5.8667,0.0000,19
L3,down,0.780,0.7994,0.7994,5.6965,5.8667,0.0000,19
L3,down,0.760,0.8000,0.8000,5.7293,5.8667,0.0000,25
L3,down,0.740,0.7984,0.7984,5.6667,5.8000,0.0000,19
L3,down,0.720,0.7980,0.7980,5.6426,5.8667,0.0000,18
L3,down,0.700,0.6470,0.6470,4.4526,4.6000,0.0000,19
L3,down,0.680,0.6486,0.6486,4.4140,4.6000,0.0000,19
L3,down,0.660,0.6473,0.6473,4.3614,4.5000,0.0000,19
L3,down,0.640,0.6486,0.6486,4.3754,4.5667,0.0000,19
L3,down,0.620,0.6505,0.6505,4.3333,4.5667,0.0000,19
L3,down,0.600,0.6486,0.6486,4.3158,4.5000,0.0000,19
L3,down,0.580,0.5404,0.5404,3.0526,3.2333,0.0000,19
L3,down,0.560,0.5403,0.5403,3.1413,3.3333,0.0000,25
L3,down,0.540,0.5417,0.5417,3.1632,3.3000,0.0000,19
L3,down,0.520,0.5411,0.5411,3.0632,3.2333,0.0000,19
L3,down,0.500,0.5407,0.5407,3.2778,3.5333,0.0000,18
L3,down,0.480,0.4253,0.4253,2.4351,3.5667,0.0000,19
L3,down,0.460,0.4247,0.4247,1.9074,2.2000,0.0000,18
L3,down,0.440,0.4225,0.4225,3.0158,5.0667,0.0000,19
L3,down,0.420,0.4250,0.4250,2.7614,5.4000,0.0000,19
L3,down,0.400,0.4244,0.4244,2.3193,3.2667,0.0000,19
L3,down,0.380,0.4247,0.4247,2.8667,5.3000,0.0000,19
L3,down,0.360,0.4263,0.4263,2.3907,3.3333,0.0000,18
L3,down,0.340,0.2631,0.2631,0.2526,1.6000,0.0000,19
L3,down,0.320,0.2669,0.2669,0.0000,0.0000,0.0000,19
L3,down,0.300,0.2563,0.2563,2.1573,4.9333,0.0000,25
L3,down,0.280,0.2547,0.2547,0.0000,0.0000,0.0000,18
L3,down,0.260,0.2552,0.2552,0.0000,0.0000,0.0000,19
L3,down,0.240,0.1167,0.1167,0.0000,0.0000,0.0000,19
L3,down,0.220,0.1173,0.1173,0.0000,0.0000,0.0000,18
L3,down,0.200,0.1170,0.1170,0.0000,0.0000,0.0000,19
L3,down,0.180,0.1142,0.1142,0.0000,0.0000,0.0000,19
L3,down,0.160,0.1170,0.1170,0.0000,0.0000,0.0000,18
L3,down,0.140,0.1163,0.1163,0.0000,0.0000,0.0000,25
L3,down,0.120,-0.0009,0.0035,0.0000,0.0000,0.0000,19
L3,down,0.100,0.0003,0.0016,0.0000,0.0000,0.0000,19
L3,down,0.080,0.0010,0.0023,0.0000,0.0000,0.0000,18
L3,down,0.060,0.0006,0.0006,0.0000,0.0000,0.0000,19
L3,down,0.040,0.0003,0.0022,0.0000,0.0000,0.0000,19
L3,down,0.020,0.0013,0.0019,0.0000,0.0000,0.0000,19
L3,down,0.000,0.0013,0.0019,0.0000,0.0000,0.0000,19
L3,high,2.000,1.8739,1.8739,16.1574,16.5333,0.0000,18
L3,high,4.000,3.9831,3.9831,37.4222,38.5333,0.0783,18
L3,high,6.000,5.9449,5.9449,57.8298,59.7667,0.0958,19
L3,high,8.000,7.9307,7.9307,78.9389,81.4333,0.1036,18
L3,high,10.000,9.9052,9.9052,98.6053,101.7667,0.1176,19
L3,high,12.000,11.9741,11.9741,120.9444,123.6000,0.1502,18
R0,up,0.000,0.0003,0.0022,0.0000,0.0000,0.0000,19
R0,up,0.020,0.0009,0.0041,0.0000,0.0000,0.0000,19
R0,up,0.040,-0.0013,0.0025,0.0000,0.0000,0.0000,19
R0,up,0.060,-0.0007,0.0026,0.0000,0.0000,0.0000,25
R0,up,0.080,0.0000,0.0025,0.0000,0.0000,0.0000,19
R0,up,0.100,0.0000,0.0032,0.0000,0.0000,0.0000,19
R0,up,0.120,0.0003,0.0028,0.0000,0.0000,0.0000,19
R0,up,0.140,0.0981,0.0981,0.0000,0.0000,0.0000,19
R0,up,0.160,0.0953,0.0953,0.0000,0.0000,0.0000,19
R0,up,0.180,0.0972,0.0972,0.0000,0.0000,0.0000,18
R0,up,0.200,0.0964,0.0964,0.0000,0.0000,0.0000,19
R0,up,0.220,0.0973,0.0973,0.0000,0.0000,0.0000,25
R0,up,0.240,0.0963,0.0963,0.0000,0.0000,0.0000,19
R0,up,0.260,0.2521,0.2521,1.3509,2.5667,0.0000,19
R0,up,0.280,0.2482,0.2482,0.0000,0.0000,0.0000,19
R0,up,0.300,0.2454,0.2454,0.0000,0.0000,0.0000,19
R0,up,0.320,0.2457,0.2457,0.0000,0.0000,0.0000,25
R0,up,0.340,0.2464,0.2464,0.0000,0.0000,0.0000,19
R0,up,0.360,0.3837,0.3837,0.0000,0.0000,0.0000,18
R0,up,0.380,0.3813,0.3813,0.0000,0.0000,0.0000,18
R0,up,0.400,0.3875,0.3875,1.4561,2.2667,0.0000,19
R0,up,0.420,0.3734,0.3734,0.0000,0.0000,0.0000,19
R0,up,0.440,0.4042,0.4042,3.6926,6.9000,0.0000,18
R0,up,0.460,0.3897,0.3897,3.6316,7.3333,0.0000,19
R0,up,0.480,0.4099,0.4099,3.2193,4.8333,0.0000,19
R0,up,0.500,0.5302,0.5302,2.8719,3.1333,0.0000,19
R0,up,0.520,0.5291,0.5291,2.8561,3.2000,0.0000,19
R0,up,0.540,0.5300,0.5300,2.9386,3.3000,0.0000,19
R0,up,0.560,0.5320,0.5320,3.0593,3.3667,0.0000,18
R0,up,0.580,0.5295,0.5295,2.9333,3.2667,0.0000,25
R0,up,0.600,0.6349,0.6349,4.2018,4.5000,0.0000,19
R0,up,0.620,0.6364,0.6364,4.2889,4.7000,0.0000,18
R0,up,0.640,0.6371,0.6371,4.3574,4.7333,0.0000,18
R0,up,0.660,0.6403,0.6403,4.4772,4.8333,0.0000,19
R0,up,0.680,0.6379,0.6379,4.4667,4.8000,0.0000,18
R0,up,0.700,0.6376,0.6376,4.5649,4.8667,0.0000,19
R0,up,0.720,0.7842,0.7842,5.8474,6.1333,0.0000,19
R0,up,0.740,0.7876,0.7876,5.9037,6.3333,0.0000,18
R0,up,0.760,0.7855,0.7855,5.8667,6.2000,0.0000,19
R0,up,0.780,0.7859,0.7859,5.9667,6.2333,0.0000,19
R0,up,0.800,0.7886,0.7886,6.0796,6.4000,0.0000,18
R0,up,0.820,0.7848,0.7848,6.0140,6.2333,0.0000,19
R0,up,0.840,0.7896,0.7896,6.1035,6.3667,0.0000,19
R0,up,0.860,0.8947,0.8947,7.3907,7.7000,0.0000,18
R0,up,0.880,0.8939,0.8939,7.3246,7.6000,0.0000,19
R0,up,0.900,0.8918,0.8918,7.3491,7.7333,0.0000,19
R0,up,0.920,0.8937,0.8937,7.3667,7.6333,0.0000,18
R0,up,0.940,0.8930,0.8930,7.3807,7.6000,0.0000,19
R0,up,0.960,0.8936,0.8936,7.4123,7.8000,0.0000,19
R0,up,0.980,1.0091,1.0091,8.7596,9.1333,0.0000,19
R0,up,1.000,1.0107,1.0107,8.8053,9.1000,0.0000,25
R0,up,1.020,1.0084,1.0084,8.7105,8.9333,0.0000,19
R0,up,1.040,1.0100,1.0100,8.8018,9.1333,0.0000,19
R0,up,1.060,1.0091,1.0091,8.8333,9.0667,0.0000,19
R0,up,1.080,1.1367,1.1367,10.0070,10.3667,0.0000,19
R0,up,1.100,1.1384,1.1384,10.0895,10.3667,0.0000,19
R0,up,1.120,1.1465,1.1465,10.0491,10.3667,0.0000,19
R0,up,1.140,1.1432,1.1432,10.0719,10.3667,0.0000,19
R0,up,1.160,1.1416,1.1416,10.1627,10.6333,0.0000,25
R0,up,1.180,1.1471,1.1471,10.1474,10.4333,0.0000,19
R0,up,1.200,1.2660,1.2660,11.3759,11.7000,0.0000,18
R0,down,1.200,1.2665,1.2665,11.4825,11.7667,0.0000,19
R0,down,1.180,1.1513,1.1513,10.2556,10.6333,0.0000,18
R0,down,1.160,1.1465,1.1465,10.2491,10.6000,0.0000,19
R0,down,1.140,1.1536,1.1536,10.3404,10.7333,0.0000,19
R0,down,1.120,1.1516,1.1516,10.2852,10.6000,0.0000,18
R0,down,1.100,1.1497,1.1497,10.3070,10.6667,0.0000,19
R0,down,1.080,1.1533,1.1533,10.3070,10.6333,0.0000,19
R0,down,1.060,1.0127,1.0127,9.1509,9.5333,0.0000,19
R0,down,1.040,1.0117,1.0117,9.0981,9.4333,0.0000,18
R0,down,1.020,1.0133,1.0133,9.1684,9.4000,0.0000,19
R0,down,1.000,1.0137,1.0137,9.1789,9.4667,0.0000,19
R0,down,0.980,1.0119,1.0119,9.1649,9.4667,0.0000,19
R0,down,0.960,0.8972,0.8972,7.9351,8.2000,0.0000,19
R0,down,0.940,0.8976,0.8976,7.8702,8.1000,0.0000,19
R0,down,0.920,0.8992,0.8992,7.8704,8.1000,0.0000,18
R0,down,0.900,0.8970,0.8970,7.8627,8.2333,0.0000,25
R0,down,0.880,0.8975,0.8975,7.9070,8.1667,0.0000,19
R0,down,0.860,0.8996,0.8996,7.9222,8.2333,0.0000,18
R0,down,0.840,0.7902,0.7902,6.6789,7.0333,0.0000,19
R0,down,0.820,0.7924,0.7924,6.7070,6.9333,0.0000,19
R0,down,0.800,0.7917,0.7917,6.6561,6.9000,0.0000,19
R0,down,0.780,0.7933,0.7933,6.7111,7.0000,0.0000,18
R0,down,0.760,0.7920,0.7920,6.6877,6.9000,0.0000,19
R0,down,0.740,0.7914,0.7914,6.6867,6.9667,0.0000,25
R0,down,0.720,0.7931,0.7931,6.7228,6.9667,0.0000,19
R0,down,0.700,0.6435,0.6435,5.3684,5.7000,0.0000,19
R0,down,0.680,0.6438,0.6438,5.3579,5.5000,0.0000,19
R0,down,0.660,0.6435,0.6435,5.3982,5.6000,0.0000,19
R0,down,0.640,0.6430,0.6430,5.3958,5.6000,0.0000,24
R0,down,0.620,0.6415,0.6415,5.5193,5.7667,0.0000,19
R0,down,0.600,0.6442,0.6442,5.4053,5.5667,0.0000,19
R0,down,0.580,0.5373,0.5373,4.2870,4.4333,0.0000,18
R0,down,0.560,0.5350,0.5350,4.2204,4.3667,0.0000,18
R0,down,0.540,0.5351,0.5351,4.2018,4.4333,0.0000,19
R0,down,0.520,0.5354,0.5354,4.1246,4.2667,0.0000,19
R0,down,0.500,0.5350,0.5350,4.1667,4.3000,0.0000,18
R0,down,0.480,0.4199,0.4199,2.8158,3.0000,0.0000,19
R0,down,0.460,0.4181,0.4181,2.8053,3.0333,0.0000,19
R0,down,0.440,0.4207,0.4207,2.7648,2.9333,0.0000,18
R0,down,0.420,0.4209,0.4209,2.8912,3.0000,0.0000,19
R0,down,0.400,0.4183,0.4183,2.8037,2.9333,0.0000,18
R0,down,0.380,0.4190,0.4190,2.7877,2.9333,0.0000,19
R0,down,0.360,0.4199,0.4199,2.8667,3.0667,0.0000,19
R0,down,0.340,0.2670,0.2670,3.2000,7.9667,0.0000,18
R0,down,0.320,0.2635,0.2635,2.3467,3.9000,0.0000,25
R0,down,0.300,0.2456,0.2456,1.5211,2.2667,0.0000,19
R0,down,0.280,0.2390,0.2390,0.0000,0.0000,0.0000,18
R0,down,0.260,0.2383,0.2383,0.0000,0.0000,0.0000,18
R0,down,0.240,0.0956,0.0956,0.0000,0.0000,0.0000,19
R0,down,0.220,0.0949,0.0949,0.0000,0.0000,0.0000,19
R0,down,0.200,0.0953,0.0953,0.0000,0.0000,0.0000,19
R0,down,0.180,0.0956,0.0956,0.0000,0.0000,0.0000,19
R0,down,0.160,0.0946,0.0946,0.0000,0.0000,0.0000,25
R0,down,0.140,0.0951,0.0951,0.0000,0.0000,0.0000,18
R0,down,0.120,-0.0016,0.0035,0.0000,0.0000,0.0000,19
R0,down,0.100,-0.0006,0.0019,0.0000,0.0000,0.0000,19
R0,down,0.080,-0.0010,0.0037,0.0000,0.0000,0.0000,18
R0,down,0.060,0.0000,0.0019,0.0000,0.0000,0.0000,19
R0,down,0.040,-0.0006,0.0025,0.0000,0.0000,0.0000,19
R0,down,0.020,0.0000,0.0020,0.0000,0.0000,0.0000,18
R0,down,0.000,-0.0007,0.0031,0.0000,0.0000,0.0000,25
R0,high,2.000,1.8594,1.8594,17.3544,17.8000,0.0000,19
R0,high,4.000,3.9626,3.9626,38.5789,39.4667,0.0933,19
R0,high,6.000,5.9158,5.9158,58.0519,59.8667,0.1006,18
R0,high,8.000,7.8863,7.8863,77.9281,80.8667,0.1135,19
R0,high,10.000,9.8843,9.8843,98.1926,100.8667,0.1218,18
R0,high,12.000,11.9153,11.9153,117.5912,123.2333,0.1705,19
R1,up,0.000,0.0003,0.0037,0.0000,0.0000,0.0000,18
R1,up,0.020,0.0000,0.0019,0.0000,0.0000,0.0000,19
R1,up,0.040,-0.0018,0.0028,0.0000,0.0000,0.0000,26
R1,up,0.060,-0.0009,0.0035,0.0000,0.0000,0.0000,19
R1,up,0.080,-0.0007,0.0027,0.0000,0.0000,0.0000,18
R1,up,0.100,0.0020,0.0047,0.0000,0.0000,0.0000,18
R1,up,0.120,-0.0006,0.0044,0.0000,0.0000,0.0000,19
R1,up,0.140,0.1082,0.1082,0.0000,0.0000,0.0000,19
R1,up,0.160,0.1088,0.1088,0.0000,0.0000,0.0000,19
R1,up,0.180,0.1087,0.1087,0.0000,0.0000,0.0000,18
R1,up,0.200,0.1080,0.1080,0.0000,0.0000,0.0000,18
R1,up,0.220,0.1056,0.1056,0.0000,0.0000,0.0000,19
R1,up,0.240,0.1085,0.1085,0.0000,0.0000,0.0000,19
R1,up,0.260,0.2760,0.2760,0.0000,0.0000,0.0000,18
R1,up,0.280,0.2757,0.2757,0.0000,0.0000,0.0000,19
R1,up,0.300,0.2748,0.2748,0.0000,0.0000,0.0000,25
R1,up,0.320,0.2729,0.2729,0.0000,0.0000,0.0000,19
R1,up,0.340,0.2742,0.2742,0.0000,0.0000,0.0000,19
R1,up,0.360,0.4171,0.4171,0.0000,0.0000,0.0000,19
R1,up,0.380,0.4162,0.4162,0.0000,0.0000,0.0000,19
R1,up,0.400,0.4143,0.4143,0.0000,0.0000,0.0000,19
R1,up,0.420,0.4153,0.4153,0.0000,0.0000,0.0000,18
R1,up,0.440,0.4133,0.4133,0.0000,0.0000,0.0000,19
R1,up,0.460,0.4140,0.4140,0.0000,0.0000,0.0000,25
R1,up,0.480,0.4149,0.4149,0.0000,0.0000,0.0000,19
R1,up,0.500,0.5181,0.5181,0.5500,1.1000,0.0000,18
R1,up,0.520,0.5303,0.5303,0.0000,0.0000,0.0000,19
R1,up,0.540,0.5249,0.5249,0.7158,1.1333,0.0000,19
R1,up,0.560,0.5184,0.5184,0.0000,0.0000,0.0000,19
R1,up,0.580,0.5177,0.5177,0.0000,0.0000,0.0000,19
R1,up,0.600,0.6154,0.6154,0.0000,0.0000,0.1814,19
R1,up,0.620,0.6153,0.6153,0.0000,0.0000,0.2287,18
R1,up,0.640,0.6135,0.6135,0.0000,0.0000,0.2382,19
R1,up,0.660,0.6119,0.6119,0.0000,0.0000,0.2498,19
R1,up,0.680,0.6122,0.6122,0.0000,0.0000,0.2552,19
R1,up,0.700,0.6157,0.6157,0.0000,0.0000,0.2018,19
R1,up,0.720,0.7611,0.7611,0.0000,0.0000,0.3068,25
R1,up,0.740,0.7662,0.7662,0.0000,0.0000,0.3221,19
R1,up,0.760,0.7703,0.7703,0.0000,0.0000,0.3237,18
R1,up,0.780,0.7683,0.7683,0.0000,0.0000,0.3333,18
R1,up,0.800,0.7693,0.7693,0.0000,0.0000,0.3347,18
R1,up,0.820,0.7668,0.7668,0.0000,0.0000,0.3359,19
R1,up,0.840,0.7690,0.7690,0.0000,0.0000,0.3362,18
R1,up,0.860,0.8734,0.8734,0.0000,0.0000,0.3184,19
R1,up,0.880,0.8750,0.8750,0.0000,0.0000,0.3176,19
R1,up,0.900,0.8744,0.8744,0.0000,0.0000,0.3189,19
R1,up,0.920,0.8737,0.8737,0.0000,0.0000,0.3193,19
R1,up,0.940,0.8743,0.8743,0.0000,0.0000,0.3202,18
R1,up,0.960,0.8734,0.8734,0.0000,0.0000,0.3189,19
R1,up,0.980,0.9871,0.9871,0.0000,0.0000,0.3050,25
R1,up,1.000,0.9863,0.9863,0.0000,0.0000,0.3085,19
R1,up,1.020,0.9829,0.9829,0.0000,0.0000,0.3091,18
R1,up,1.040,0.9835,0.9835,0.0000,0.0000,0.3100,19
R1,up,1.060,0.9844,0.9844,0.0000,0.0000,0.3117,18
R1,up,1.080,1.0828,1.0828,0.0000,0.0000,0.3011,25
R1,up,1.100,1.0760,1.0760,0.0000,0.0000,0.3027,18
R1,up,1.120,1.0771,1.0771,0.0000,0.0000,0.3031,19
R1,up,1.140,1.0758,1.0758,0.0000,0.0000,0.3018,19
R1,up,1.160,1.0780,1.0780,0.0000,0.0000,0.3026,18
R1,up,1.180,1.0764,1.0764,0.0000,0.0000,0.3023,19
R1,up,1.200,1.2557,1.2557,4.0404,5.9333,0.2300,19
R1,down,1.200,1.2718,1.2718,7.8105,8.0333,0.1829,19
R1,down,1.180,1.1495,1.1495,6.6704,6.8333,0.1953,18
R1,down,1.160,1.1545,1.1545,6.7509,6.9333,0.1914,19
R1,down,1.140,1.1495,1.1495,6.7667,6.9667,0.1938,18
R1,down,1.120,1.1538,1.1538,6.8860,7.0667,0.1904,19
R1,down,1.100,1.1548,1.1548,6.8088,7.2000,0.1902,19
R1,down,1.080,1.1565,1.1565,6.9613,7.1333,0.1937,25
R1,down,1.060,1.0191,1.0191,5.9842,6.2000,0.1779,19
R1,down,1.040,1.0167,1.0167,5.8537,6.1333,0.1891,18
R1,down,1.020,1.0179,1.0179,5.9947,6.3333,0.1834,19
R1,down,1.000,1.0197,1.0197,6.0456,6.3333,0.1774,19
R1,down,0.980,1.0165,1.0165,6.0246,6.3000,0.1867,19
R1,down,0.960,0.9014,0.9014,4.9351,5.2333,0.1429,19
R1,down,0.940,0.9043,0.9043,4.9474,5.1333,0.1432,19
R1,down,0.920,0.9003,0.9003,4.8561,5.1667,0.1466,19
R1,down,0.900,0.9016,0.9016,4.8596,5.1000,0.1557,19
R1,down,0.880,0.9016,0.9016,5.0316,5.1667,0.1459,19
R1,down,0.860,0.9018,0.9018,4.9439,5.1000,0.1574,19
R1,down,0.840,0.7978,0.7978,3.9648,4.2333,0.0722,18
R1,down,0.820,0.7948,0.7948,3.9173,4.2000,0.0788,25
R1,down,0.800,0.7935,0.7935,3.9667,4.0667,0.0816,19
R1,down,0.780,0.7947,0.7947,3.9175,4.1000,0.0763,19
R1,down,0.760,0.7953,0.7953,4.0281,4.1667,0.0857,19
R1,down,0.740,0.7930,0.7930,3.9684,4.2000,0.0847,19
R1,down,0.720,0.7930,0.7930,3.9789,4.1000,0.0774,19
R1,down,0.700,0.6468,0.6468,2.8278,3.0333,0.0154,18
R1,down,0.680,0.6482,0.6482,2.9167,3.1333,0.0154,18
R1,down,0.660,0.6462,0.6462,2.7702,3.0333,0.0146,19
R1,down,0.640,0.6453,0.6453,2.8351,3.1000,0.0168,19
R1,down,0.620,0.6462,0.6462,2.8685,3.0000,0.0172,18
R1,down,0.600,0.6457,0.6457,2.8526,3.0667,0.0121,19
R1,down,0.580,0.5413,0.5413,2.1056,3.1667,0.0000,18
R1,down,0.560,0.5300,0.5300,0.0000,0.0000,0.0000,19
R1,down,0.540,0.5291,0.5291,0.0000,0.0000,0.0000,19
R1,down,0.520,0.5303,0.5303,0.0000,0.0000,0.0000,18
R1,down,0.500,0.5295,0.5295,0.0000,0.0000,0.0000,25
R1,down,0.480,0.4199,0.4199,0.0000,0.0000,0.0000,19
R1,down,0.460,0.4209,0.4209,0.0000,0.0000,0.0000,19
R1,down,0.440,0.4203,0.4203,0.0000,0.0000,0.0000,19
R1,down,0.420,0.4213,0.4213,0.0000,0.0000,0.0000,18
R1,down,0.400,0.4199,0.4199,0.0000,0.0000,0.0000,19
R1,down,0.380,0.4203,0.4203,0.0000,0.0000,0.0000,18
R1,down,0.360,0.4209,0.4209,0.0000,0.0000,0.0000,19
R1,down,0.340,0.2840,0.2840,0.0000,0.0000,0.0000,25
R1,down,0.320,0.2819,0.2819,0.0000,0.0000,0.0000,19
R1,down,0.300,0.2819,0.2819,0.0000,0.0000,0.0000,19
R1,down,0.280,0.2816,0.2816,0.0000,0.0000,0.0000,19
R1,down,0.260,0.2805,0.2805,0.0000,0.0000,0.0000,19
R1,down,0.240,0.1085,0.1085,0.0000,0.0000,0.0000,19
R1,down,0.220,0.1077,0.1077,0.0000,0.0000,0.0000,18
R1,down,0.200,0.1091,0.1091,0.0000,0.0000,0.0000,19
R1,down,0.180,0.1093,0.1093,0.0000,0.0000,0.0000,25
R1,down,0.160,0.1077,0.1077,0.0000,0.0000,0.0000,18
R1,down,0.140,0.1091,0.1091,0.0000,0.0000,0.0000,19
R1,down,0.120,0.0000,0.0038,0.0000,0.0000,0.0000,19
R1,down,0.100,-0.0003,0.0030,0.0000,0.0000,0.0000,18
R1,down,0.080,-0.0003,0.0022,1.2719,4.8333,0.0000,19
R1,down,0.060,0.0009,0.0028,0.0000,0.0000,0.0000,19
R1,down,0.040,0.0010,0.0030,0.0000,0.0000,0.0000,18
R1,down,0.020,-0.0007,0.0033,0.0000,0.0000,0.0000,18
R1,down,0.000,0.0006,0.0025,0.0000,0.0000,0.0000,19
R1,high,2.000,1.8674,1.8674,13.5719,14.1000,0.1829,19
R1,high,4.000,3.9856,3.9856,34.0526,35.3000,0.1515,19
R1,high,6.000,6.0088,6.0088,54.2842,56.5667,0.1487,19
R1,high,8.000,7.9394,7.9394,74.0667,76.5000,0.1507,19
R1,high,10.000,10.0063,10.0063,95.2649,97.8667,0.1533,19
R1,high,12.000,12.1727,12.1727,113.9421,117.9667,0.1825,19
R2,up,0.000,0.0016,0.0022,0.0000,0.0000,0.0000,19
R2,up,0.020,0.0013,0.0032,0.0000,0.0000,0.0000,19
R2,up,0.040,0.0003,0.0028,0.0000,0.0000,0.0000,19
R2,up,0.060,0.0013,0.0025,0.0000,0.0000,0.0000,19
R2,up,0.080,0.0000,0.0019,0.0000,0.0000,0.0000,19
R2,up,0.100,0.0003,0.0030,0.0000,0.0000,0.0000,18
R2,up,0.120,0.0003,0.0047,0.0000,0.0000,0.0000,19
R2,up,0.140,0.0179,0.0179,0.0000,0.0000,0.0000,19
R2,up,0.160,0.0189,0.0189,0.0000,0.0000,0.0000,18
R2,up,0.180,0.0175,0.0175,0.0000,0.0000,0.0000,19
R2,up,0.200,0.0201,0.0201,0.0000,0.0000,0.0000,18
R2,up,0.220,0.0168,0.0168,0.0000,0.0000,0.0000,19
R2,up,0.240,0.0196,0.0196,0.0000,0.0000,0.0000,19
R2,up,0.260,0.2539,0.2539,0.0000,0.0000,0.0000,18
R2,up,0.280,0.2517,0.2517,0.0000,0.0000,0.0000,25
R2,up,0.300,0.2485,0.2485,0.0000,0.0000,0.0000,19
R2,up,0.320,0.2503,0.2503,0.0000,0.0000,0.0000,19
R2,up,0.340,0.2507,0.2507,0.0000,0.0000,0.0000,19
R2,up,0.360,0.3957,0.3957,0.0000,0.0000,0.0000,18
R2,up,0.380,0.3889,0.3889,0.0000,0.0000,0.0000,19
R2,up,0.400,0.3905,0.3905,0.0000,0.0000,0.0000,19
R2,up,0.420,0.3899,0.3899,0.0000,0.0000,0.0000,19
R2,up,0.440,0.3915,0.3915,0.0000,0.0000,0.0000,19
R2,up,0.460,0.3897,0.3897,0.0000,0.0000,0.0000,18
R2,up,0.480,0.3899,0.3899,0.0000,0.0000,0.0000,19
R2,up,0.500,0.4987,0.4987,0.0000,0.0000,0.0000,19
R2,up,0.520,0.4939,0.4939,0.0000,0.0000,0.0000,19
R2,up,0.540,0.4930,0.4930,0.0000,0.0000,0.0000,25
R2,up,0.560,0.4949,0.4949,0.0000,0.0000,0.0000,19
R2,up,0.580,0.4913,0.4913,0.0000,0.0000,0.0000,18
R2,up,0.600,0.6199,0.6199,3.0053,4.5000,0.0000,19
R2,up,0.620,0.6080,0.6080,0.0000,0.0000,0.0000,18
R2,up,0.640,0.6069,0.6069,0.0000,0.0000,0.0000,25
R2,up,0.660,0.6046,0.6046,0.0000,0.0000,0.0000,19
R2,up,0.680,0.6072,0.6072,0.0000,0.0000,0.0000,19
R2,up,0.700,0.6059,0.6059,0.0000,0.0000,0.0000,19
R2,up,0.720,0.7865,0.7865,1.9175,2.9333,0.0000,19
R2,up,0.740,0.7896,0.7896,2.8680,3.1667,0.0000,25
R2,up,0.760,0.7941,0.7941,3.4386,3.7667,0.0000,19
R2,up,0.780,0.7937,0.7937,3.5509,3.7667,0.0000,19
R2,up,0.800,0.7937,0.7937,3.6368,4.0667,0.0000,19
R2,up,0.820,0.7964,0.7964,3.8877,4.2000,0.0000,19
R2,up,0.840,0.7914,0.7914,3.6614,3.9000,0.0000,19
R2,up,0.860,0.9022,0.9022,4.8789,5.1000,0.0000,19
R2,up,0.880,0.9004,0.9004,4.9241,5.1333,0.0000,18
R2,up,0.900,0.9004,0.9004,5.0204,5.2667,0.0000,18
R2,up,0.920,0.9021,0.9021,5.0386,5.3333,0.0000,19
R2,up,0.940,0.8978,0.8978,5.0965,5.3667,0.0000,19
R2,up,0.960,0.8986,0.8986,5.0070,5.2000,0.0000,19
R2,up,0.980,1.0166,1.0166,6.3815,6.5667,0.0000,18
R2,up,1.000,1.0170,1.0170,6.4018,6.7333,0.0000,19
R2,up,1.020,1.0151,1.0151,6.3737,6.6000,0.0000,19
R2,up,1.040,1.0183,1.0183,6.4912,6.8000,0.0000,19
R2,up,1.060,1.0156,1.0156,6.4509,6.7333,0.0000,19
R2,up,1.080,1.1406,1.1406,7.5426,7.8333,0.0000,18
R2,up,1.100,1.1532,1.1532,7.5704,7.9333,0.0000,18
R2,up,1.120,1.1528,1.1528,7.6211,7.8333,0.0000,19
R2,up,1.140,1.1542,1.1542,7.6982,8.0000,0.0000,19
R2,up,1.160,1.1509,1.1509,7.7074,7.8667,0.0000,18
R2,up,1.180,1.1542,1.1542,7.6298,7.8667,0.0000,19
R2,up,1.200,1.2703,1.2703,8.6907,9.0000,0.0000,18
R2,down,1.200,1.2699,1.2699,8.8035,9.1667,0.0000,19
R2,down,1.180,1.1548,1.1548,7.6895,8.0000,0.0000,19
R2,down,1.160,1.1522,1.1522,7.7481,7.9667,0.0000,18
R2,down,1.140,1.1532,1.1532,7.6860,7.9667,0.0000,19
R2,down,1.120,1.1513,1.1513,7.6193,7.9000,0.0000,19
R2,down,1.100,1.1483,1.1483,7.6035,7.8333,0.0000,19
R2,down,1.080,1.1528,1.1528,7.7860,8.0333,0.0000,19
R2,down,1.060,1.0173,1.0173,6.6702,6.8667,0.0000,19
R2,down,1.040,1.0132,1.0132,6.5870,6.7667,0.0000,18
R2,down,1.020,1.0159,1.0159,6.6263,7.1000,0.0000,19
R2,down,1.000,1.0183,1.0183,6.8895,7.1667,0.0000,19
R2,down,0.980,1.0187,1.0187,6.8105,6.9667,0.0000,19
R2,down,0.960,0.9022,0.9022,5.4933,5.7000,0.0000,25
R2,down,0.940,0.9013,0.9013,5.5596,5.7333,0.0000,19
R2,down,0.920,0.9021,0.9021,5.5825,5.8000,0.0000,19
R2,down,0.900,0.9043,0.9043,5.7500,5.9667,0.0000,18
R2,down,0.880,0.9026,0.9026,5.6070,5.7333,0.0000,19
R2,down,0.860,0.9002,0.9002,5.5667,5.7333,0.0000,19
R2,down,0.840,0.7957,0.7957,4.5463,4.8333,0.0000,18
R2,down,0.820,0.7926,0.7926,4.4719,4.7000,0.0000,19
R2,down,0.800,0.7962,0.7962,4.6160,4.9000,0.0000,25
R2,down,0.780,0.7942,0.7942,4.4965,4.8000,0.0000,19
R2,down,0.760,0.7981,0.7981,4.6579,4.8667,0.0000,19
R2,down,0.740,0.7933,0.7933,4.5211,4.8000,0.0000,19
R2,down,0.720,0.7958,0.7958,4.6130,4.7667,0.0000,18
R2,down,0.700,0.6465,0.6465,3.4053,3.6667,0.0000,19
R2,down,0.680,0.6468,0.6468,3.4211,3.7667,0.0000,19
R2,down,0.660,0.6482,0.6482,3.4754,3.7667,0.0000,19
R2,down,0.640,0.6485,0.6485,3.5140,3.9667,0.0000,19
R2,down,0.620,0.6482,0.6482,3.4474,3.7333,0.0000,19
R2,down,0.600,0.6492,0.6492,3.4807,3.7333,0.0000,19
R2,down,0.580,0.5386,0.5386,2.3685,2.7000,0.0000,18
R2,down,0.560,0.5333,0.5333,2.4246,3.4000,0.0000,19
R2,down,0.540,0.5365,0.5365,2.1747,2.6000,0.0000,25
R2,down,0.520,0.5417,0.5417,2.4074,2.7000,0.0000,18
R2,down,0.500,0.5353,0.5353,2.2019,2.6333,0.0000,18
R2,down,0.480,0.3826,0.3826,0.8912,4.3333,0.0000,19
R2,down,0.460,0.3852,0.3852,0.0000,0.0000,0.0000,19
R2,down,0.440,0.3843,0.3843,0.0000,0.0000,0.0000,18
R2,down,0.420,0.3840,0.3840,0.0000,0.0000,0.0000,18
R2,down,0.400,0.3839,0.3839,0.0000,0.0000,0.0000,19
R2,down,0.380,0.3846,0.3846,0.0000,0.0000,0.0000,25
R2,down,0.360,0.3855,0.3855,0.0000,0.0000,0.0000,19
R2,down,0.340,0.2476,0.2476,0.0000,0.0000,0.0000,19
R2,down,0.320,0.2473,0.2473,0.0000,0.0000,0.0000,18
R2,down,0.300,0.2480,0.2480,0.0000,0.0000,0.0000,19
R2,down,0.280,0.2469,0.2469,0.0000,0.0000,0.0000,18
R2,down,0.260,0.2483,0.2483,0.0000,0.0000,0.0000,18
R2,down,0.240,0.0187,0.0187,0.0000,0.0000,0.0000,19
R2,down,0.220,0.0207,0.0207,0.0000,0.0000,0.0000,19
R2,down,0.200,0.0178,0.0178,0.0000,0.0000,0.0000,19
R2,down,0.180,0.0194,0.0194,0.0000,0.0000,0.0000,19
R2,down,0.160,0.0204,0.0204,0.0000,0.0000,0.0000,18
R2,down,0.140,0.0193,0.0193,0.0000,0.0000,0.0000,19
R2,down,0.120,0.0000,0.0032,0.0000,0.0000,0.0000,19
R2,down,0.100,0.0007,0.0013,0.0000,0.0000,0.0000,18
R2,down,0.080,0.0000,0.0019,0.0000,0.0000,0.0000,19
R2,down,0.060,0.0000,0.0019,0.0000,0.0000,0.0000,19
R2,down,0.040,0.0009,0.0022,0.0000,0.0000,0.0000,19
R2,down,0.020,0.0000,0.0013,0.0000,0.0000,0.0000,19
R2,down,0.000,0.0003,0.0028,0.0000,0.0000,0.0000,19
R2,high,2.000,1.8656,1.8656,14.8296,15.2000,0.0122,18
R2,high,4.000,3.9670,3.9670,34.6965,35.8667,0.1093,19
R2,high,6.000,5.9628,5.9628,54.8561,57.1333,0.1152,19
R2,high,8.000,7.9021,7.9021,73.5807,76.1000,0.1342,19
R2,high,10.000,9.9709,9.9709,95.5167,98.6333,0.1424,18
R2,high,12.000,12.0964,12.0964,117.0596,120.8000,0.1756,19
R3,up,0.000,-0.0009,0.0016,0.0000,0.0000,0.0000,19
R3,up,0.020,0.0007,0.0020,0.0000,0.0000,0.0000,18
R3,up,0.040,0.0000,0.0020,0.0000,0.0000,0.0000,18
R3,up,0.060,0.0000,0.0025,0.0000,0.0000,0.0000,19
R3,up,0.080,-0.0013,0.0020,0.0000,0.0000,0.0000,18
R3,up,0.100,-0.0013,0.0027,0.0000,0.0000,0.0000,18
R3,up,0.120,-0.0003,0.0009,0.0000,0.0000,0.0000,19
R3,up,0.140,0.1146,0.1146,0.0000,0.0000,0.0000,25
R3,up,0.160,0.1130,0.1130,0.0000,0.0000,0.0000,18
R3,up,0.180,0.1148,0.1148,0.0000,0.0000,0.0000,19
R3,up,0.200,0.1140,0.1140,0.0000,0.0000,0.0000,18
R3,up,0.220,0.1132,0.1132,0.0000,0.0000,0.0000,19
R3,up,0.240,0.1146,0.1146,0.0000,0.0000,0.0000,25
R3,up,0.260,0.2733,0.2733,30.7111,42.7333,0.0000,18
R3,up,0.280,0.2798,0.2798,0.0000,0.0000,0.0000,19
R3,up,0.300,0.2786,0.2786,0.0000,0.0000,0.0000,19
R3,up,0.320,0.2770,0.2770,0.0000,0.0000,0.0000,18
R3,up,0.340,0.2777,0.2777,0.0000,0.0000,0.0000,18
R3,up,0.360,0.4130,0.4130,0.0000,0.0000,0.0000,19
R3,up,0.380,0.4192,0.4192,2.8333,5.1667,0.0000,18
R3,up,0.400,0.4211,0.4211,2.9880,3.8667,0.0000,25
R3,up,0.420,0.4041,0.4041,0.3140,1.5333,0.0000,19
R3,up,0.440,0.4039,0.4039,0.0000,0.0000,0.0000,19
R3,up,0.460,0.4054,0.4054,0.0000,0.0000,0.0000,19
R3,up,0.480,0.4057,0.4057,0.0000,0.0000,0.0000,18
R3,up,0.500,0.5411,0.5411,2.0070,2.8000,0.0000,19
R3,up,0.520,0.5420,0.5420,1.8912,2.2667,0.0000,19
R3,up,0.540,0.5400,0.5400,1.9685,2.1333,0.0000,18
R3,up,0.560,0.5410,0.5410,2.0519,2.2000,0.0000,18
R3,up,0.580,0.5411,0.5411,2.0175,2.2333,0.0000,19
R3,up,0.600,0.6488,0.6488,3.1070,3.3333,0.0000,19
R3,up,0.620,0.6492,0.6492,3.1737,3.3333,0.0000,19
R3,up,0.640,0.6493,0.6493,3.1722,3.3333,0.0000,18
R3,up,0.660,0.6508,0.6508,3.1474,3.3333,0.0000,19
R3,up,0.680,0.6495,0.6495,3.2895,3.4667,0.0000,19
R3,up,0.700,0.6521,0.6521,3.3509,3.5667,0.0000,19
R3,up,0.720,0.7966,0.7966,4.4088,4.5667,0.0000,19
R3,up,0.740,0.7978,0.7978,4.3877,4.5667,0.0000,19
R3,up,0.760,0.7951,0.7951,4.4407,4.6000,0.0000,18
R3,up,0.780,0.7982,0.7982,4.4685,4.7000,0.0000,18
R3,up,0.800,0.7967,0.7967,4.4719,4.6667,0.0000,19
R3,up,0.820,0.7976,0.7976,4.5222,4.8333,0.0000,18
R3,up,0.840,0.7964,0.7964,4.5105,4.8000,0.0000,19
R3,up,0.860,0.9019,0.9019,5.5759,5.8667,0.0000,18
R3,up,0.880,0.9043,0.9043,5.6281,5.9667,0.0000,19
R3,up,0.900,0.9057,0.9057,5.7614,6.0333,0.0000,19
R3,up,0.920,0.9041,0.9041,5.7404,5.9667,0.0000,19
R3,up,0.940,0.9054,0.9054,5.7579,5.9667,0.0000,19
R3,up,0.960,0.9072,0.9072,5.7648,6.1000,0.0000,18
R3,up,0.980,1.0221,1.0221,6.9035,7.1667,0.0000,19
R3,up,1.000,1.0221,1.0221,6.9759,7.1667,0.0000,18
R3,up,1.020,1.0231,1.0231,7.0140,7.3000,0.0000,19
R3,up,1.040,1.0220,1.0220,7.0333,7.4000,0.0000,18
R3,up,1.060,1.0214,1.0214,7.1018,7.3333,0.0000,19
R3,up,1.080,1.1623,1.1623,8.1667,8.5000,0.0000,18
R3,up,1.100,1.1612,1.1612,8.2333,8.6000,0.0000,19
R3,up,1.120,1.1596,1.1596,8.2684,8.5333,0.0000,19
R3,up,1.140,1.1620,1.1620,8.3222,8.5667,0.0000,18
R3,up,1.160,1.1596,1.1596,8.4386,8.7000,0.0000,19
R3,up,1.180,1.1607,1.1607,8.3741,8.5667,0.0000,18
R3,up,1.200,1.2778,1.2778,9.6018,9.9667,0.0000,19
R3,down,1.200,1.2778,1.2778,9.6281,10.0333,0.0000,19
R3,down,1.180,1.1612,1.1612,8.5088,8.7667,0.0000,19
R3,down,1.160,1.1615,1.1615,8.5316,8.9333,0.0000,19
R3,down,1.140,1.1602,1.1602,8.5596,8.8333,0.0000,19
R3,down,1.120,1.1596,1.1596,8.5684,8.8000,0.0000,19
R3,down,1.100,1.1627,1.1627,8.6426,8.9333,0.0000,18
R3,down,1.080,1.1615,1.1615,8.6035,8.9333,0.0000,19
R3,down,1.060,1.0227,1.0227,7.5877,7.8333,0.0000,19
R3,down,1.040,1.0245,1.0245,7.6211,8.0333,0.0000,19
R3,down,1.020,1.0232,1.0232,7.6293,7.9000,0.0000,25
R3,down,1.000,1.0248,1.0248,7.6315,7.8333,0.0000,18
R3,down,0.980,1.0217,1.0217,7.6632,8.0000,0.0000,19
R3,down,0.960,0.9061,0.9061,6.4930,6.7000,0.0000,19
R3,down,0.940,0.9063,0.9063,6.4796,6.7333,0.0000,18
R3,down,0.920,0.9053,0.9053,6.5000,6.7333,0.0000,19
R3,down,0.900,0.9071,0.9071,6.5333,6.8000,0.0000,19
R3,down,0.880,0.9061,0.9061,6.4877,6.7667,0.0000,19
R3,down,0.860,0.9065,0.9065,6.4614,6.6667,0.0000,19
R3,down,0.840,0.7993,0.7993,5.3722,5.5667,0.0000,18
R3,down,0.820,0.7990,0.7990,5.2825,5.5000,0.0000,19
R3,down,0.800,0.7977,0.7977,5.3561,5.6333,0.0000,19
R3,down,0.780,0.8003,0.8003,5.3088,5.4667,0.0000,19
R3,down,0.760,0.7978,0.7978,5.3280,5.5000,0.0000,25
R3,down,0.740,0.8001,0.8001,5.3228,5.5667,0.0000,19
R3,down,0.720,0.7980,0.7980,5.3148,5.5667,0.0000,18
R3,down,0.700,0.6507,0.6507,4.1370,4.4000,0.0000,18
R3,down,0.680,0.6510,0.6510,4.1093,4.3000,0.0000,18
R3,down,0.660,0.6500,0.6500,4.0519,4.2333,0.0000,18
R3,down,0.640,0.6497,0.6497,4.0667,4.3000,0.0000,18
R3,down,0.620,0.6500,0.6500,4.0315,4.2667,0.0000,18
R3,down,0.600,0.6498,0.6498,4.0912,4.3333,0.0000,19
R3,down,0.580,0.5417,0.5417,3.0278,3.2667,0.0000,18
R3,down,0.560,0.5426,0.5426,2.9509,3.1000,0.0000,19
R3,down,0.540,0.5426,0.5426,2.9807,3.1000,0.0000,19
R3,down,0.520,0.5417,0.5417,2.9018,3.1000,0.0000,19
R3,down,0.500,0.5423,0.5423,2.9463,3.1333,0.0000,18
R3,down,0.480,0.4263,0.4263,1.8352,1.9667,0.0000,18
R3,down,0.460,0.4259,0.4259,1.8246,2.0000,0.0000,19
R3,down,0.440,0.4253,0.4253,1.7474,1.8333,0.0000,19
R3,down,0.420,0.4256,0.4256,1.8000,2.0667,0.0000,19
R3,down,0.400,0.4244,0.4244,1.8421,2.0000,0.0000,19
R3,down,0.380,0.4256,0.4256,1.7930,2.0000,0.0000,19
R3,down,0.360,0.4257,0.4257,1.7537,1.9000,0.0000,18
R3,down,0.340,0.2804,0.2804,3.3772,4.0667,0.0000,19
R3,down,0.320,0.2796,0.2796,0.0000,0.0000,0.0000,19
R3,down,0.300,0.2798,0.2798,0.0000,0.0000,0.0000,19
R3,down,0.280,0.2798,0.2798,0.0000,0.0000,0.0000,19
R3,down,0.260,0.2786,0.2786,0.0000,0.0000,0.0000,19
R3,down,0.240,0.1143,0.1143,0.0000,0.0000,0.0000,18
R3,down,0.220,0.1145,0.1145,0.0000,0.0000,0.0000,19
R3,down,0.200,0.1150,0.1150,0.0000,0.0000,0.0000,18
R3,down,0.180,0.1160,0.1160,0.0000,0.0000,0.0000,25
R3,down,0.160,0.1154,0.1154,0.0000,0.0000,0.0000,19
R3,down,0.140,0.1160,0.1160,0.0000,0.0000,0.0000,18
R3,down,0.120,0.0010,0.0023,0.0000,0.0000,0.0000,18
R3,down,0.100,-0.0003,0.0035,0.0000,0.0000,0.0000,19
R3,down,0.080,0.0000,0.0020,0.0000,0.0000,0.0000,18
R3,down,0.060,-0.0009,0.0022,0.0000,0.0000,0.0000,19
R3,down,0.040,0.0000,0.0025,0.0000,0.0000,0.0000,19
R3,down,0.020,-0.0008,0.0013,0.0000,0.0000,0.0000,25
R3,down,0.000,-0.0003,0.0016,0.0000,0.0000,0.0000,19
R3,high,2.000,1.8754,1.8754,14.9632,15.5667,0.0000,19
R3,high,4.000,3.9835,3.9835,34.9649,36.3667,0.0723,19
R3,high,6.000,5.9554,5.9554,52.8574,56.4667,0.0842,18
R3,high,8.000,7.9479,7.9479,70.3653,76.3000,0.0936,25
R3,high,10.000,9.9310,9.9310,88.1158,95.1667,0.1076,19
R3,high,12.000,12.0069,12.0069,105.0193,112.7667,0.1577,19
